,Course Code,Course Title,HEI,R1 Points,R2 Points ,EOS Points
29,AL801,Software Design for Virtual Reality and Gaming,Athlone Institute of Technology,300,,300
30,AL802,Software Design in Artificial Intelligence for Cloud Computing,Athlone Institute of Technology,313,,313
31,AL803,Software Design for Mobile Apps and Connected Devices,Athlone Institute of Technology,350,,350
32,AL805,Computer Engineering for Network Infrastructure,Athlone Institute of Technology,321,,321
33,AL810,Quantity Surveying,Athlone Institute of Technology,328,,328
34,AL811,Civil Engineering,Athlone Institute of Technology,,,
35,AL820,Mechanical and Polymer Engineering,Athlone Institute of Technology,327,,327
36,AL830,General Nursing,Athlone Institute of Technology,451,444,440
37,AL832,Mental Health Nursing,Athlone Institute of Technology,440,431,431
38,AL835,Pharmacology,Athlone Institute of Technology,356,,356
39,AL836,Nutrition and Health Science,Athlone Institute of Technology,346,,346
40,AL837,Sports Science with Exercise Physiology,Athlone Institute of Technology,357,,357
41,AL838,Biotechnology,Athlone Institute of Technology,324,,324
42,AL839,Microbiology,Athlone Institute of Technology,325,,325
43,AL840,Pharmaceutical Sciences,Athlone Institute of Technology,346,,346
44,AL841,Athletic and Rehabilitation Therapy,Athlone Institute of Technology,477,476,462
45,AL842,Bioveterinary Science,Athlone Institute of Technology,338,,338
46,AL843,Physical Activity and Health Science,Athlone Institute of Technology,306,,306
47,AL849,Culinary Entrepreneurship,Athlone Institute of Technology,297,,297
48,AL850,Business,Athlone Institute of Technology,309,,309
49,AL851,Business and Law,Athlone Institute of Technology,302,,302
50,AL852,Accounting,Athlone Institute of Technology,336,,336
51,AL854,Sport Management (with international placement),Athlone Institute of Technology,300,299,299
52,AL855,Hospitality Management (with international placement),Athlone Institute of Technology,309,,309
53,AL857,Digital Marketing,Athlone Institute of Technology,304,,304
54,AL859,International Business,Athlone Institute of Technology,308,,308
55,AL860,Social Care Practice,Athlone Institute of Technology,301,,301
56,AL861,Animation and Illustration (portfolio),Athlone Institute of Technology,575,,575
57,AL863,Graphic and Digital Design (portfolio),Athlone Institute of Technology,747,,747
58,AL864,Early Years Care and Education,Athlone Institute of Technology,306,,306
59,AL870,Applied Psychology,Athlone Institute of Technology,484,467,452
61,CW018,Business (options),"Institute of Technology, Carlow",307,,307
63,CW028,Early Childhood Education and Care,"Institute of Technology, Carlow",260,,260
65,CW038,Art (portfolio),"Institute of Technology, Carlow",#700,,700
67,CW048,Creative Computing and Digital Innovation,"Institute of Technology, Carlow",,,
69,CW058,Tourism and Event Management,"Institute of Technology, Carlow",292,,292
70,CW068,Applied Social Studies in Professional Social Care,"Institute of Technology, Carlow",250,,250
72,CW078,Sustainable Farm Management and Agribusiness,"Institute of Technology, Carlow",270,,270
74,CW088,Visual Communications and Design,"Institute of Technology, Carlow",270,,270
77,CW108,Science (options),"Institute of Technology, Carlow",266,,266
81,CW128,Brewing and Distilling,"Institute of Technology, Carlow",307,,307
82,CW138,Sport and Exercise Science,"Institute of Technology, Carlow",430,423,423
83,CW148,Strength and Conditioning,"Institute of Technology, Carlow",388,,388
84,CW188,Sport Rehabilitation and Athletic Therapy,"Institute of Technology, Carlow",451,,451
87,CW208,Computer Games Development,"Institute of Technology, Carlow",272,,272
91,CW238,Software Development,"Institute of Technology, Carlow",295,,295
92,CW248,Information Technology Management,"Institute of Technology, Carlow",293,,293
93,CW258,Cybercrime and IT Security,"Institute of Technology, Carlow",292,,292
94,CW268,Computing in Interactive Digital Art and Design,"Institute of Technology, Carlow",291,,291
98,CW438,Construction (options),"Institute of Technology, Carlow",260,251,251
99,CW468,Architectural Technology,"Institute of Technology, Carlow",291,283,283
100,CW478,Civil Engineering,"Institute of Technology, Carlow",465,,465
105,CW548,Mechanical Engineering,"Institute of Technology, Carlow",330,328,328
106,CW558,Electronic Systems,"Institute of Technology, Carlow",280,,280
107,CW568,Aerospace Engineering,"Institute of Technology, Carlow",371,359,359
108,CW578,TV and Media Production,"Institute of Technology, Carlow",318,,318
111,CW708,Law - LLB,"Institute of Technology, Carlow",292,,292
113,CW728,Product Design Innovation,"Institute of Technology, Carlow",246,,246
114,CW748,Early Childhood Education and Care,"Institute of Technology, Carlow",290,,290
115,CW758,Professional Social Care Practice,"Institute of Technology, Carlow",360,358,358
117,CW808,Media and Public Relations,"Institute of Technology, Carlow",247,,247
121,CW848,Digital Marketing with Analytics,"Institute of Technology, Carlow",269,,269
122,CW858,"Sports Management and Coaching (options, portfolio)","Institute of Technology, Carlow",700,,700
124,CW908,Business (options),"Institute of Technology, Carlow",272,,272
128,CW938,Business with Law,"Institute of Technology, Carlow",270,,270
129,CW948,Accounting,"Institute of Technology, Carlow",319,,319
132,PC405,"Social, Political and Community Studies","Carlow College, St. Patrick`s",263,235,235
133,PC410,Arts and Humanities (fulfils Teaching Council requirements),"Carlow College, St. Patrick`s",262,230,230
134,PC411,English and History (fulfils Teaching Council requirements),"Carlow College, St. Patrick`s",243,224,224
159,CR105,Chemical and Biopharmaceutical Engineering,Cork Institute of Technology,443,,443
160,CR106,Software Development,Cork Institute of Technology,431,,431
161,CR108,Mechanical Engineering,Cork Institute of Technology,434,,434
162,CR109,Structural Engineering,Cork Institute of Technology,396,,396
163,CR110,Automotive Business Management and Technology,Cork Institute of Technology,336,,336
164,CR112,Creative Digital Media at CIT Crawford College of Art and Design,Cork Institute of Technology,390,,390
165,CR116,Computer Systems,Cork Institute of Technology,365,,365
166,CR121,Music at CIT Cork School of Music,Cork Institute of Technology,904,904,904
167,CR125,Popular Music at CIT Cork School of Music,Cork Institute of Technology,1028,,1028
168,CR130,Musical Theatre at CIT Cork School of Music,Cork Institute of Technology,525,,525
169,CR150,Business Information Systems,Cork Institute of Technology,350,,350
170,CR210,"Contemporary Applied Art (Ceramics, Glass, Textiles) at CIT Crawford",Cork Institute of Technology,450,,450
171,CR220,Fine Art at CIT Crawford College of Art and Design,Cork Institute of Technology,400,,400
172,CR225,Photography with New Media at CIT Crawford College of Art and Design,Cork Institute of Technology,435,,435
174,CR305,Physical Sciences (Common Entry),Cork Institute of Technology,260,,260
175,CR310,IT Management,Cork Institute of Technology,347,,347
176,CR320,Biomedical Science - Offered jointly by CIT and UCC,Cork Institute of Technology,590,,590
177,CR325,Pharmaceutical Biotechnology,Cork Institute of Technology,466,,466
178,CR333,Nutrition and Health Science,Cork Institute of Technology,425,,425
179,CR335,Biological Sciences (Common Entry),Cork Institute of Technology,473,,473
180,CR340,Analytical Chemistry with Quality Assurance,Cork Institute of Technology,327,,327
181,CR360,Instrument Engineering,Cork Institute of Technology,301,,301
182,CR365,Environmental Science and Sustainable Technology,Cork Institute of Technology,262,,262
183,CR370,Agri-Biosciences,Cork Institute of Technology,368,,368
184,CR400,Accounting,Cork Institute of Technology,315,,315
185,CR420,Marketing,Cork Institute of Technology,290,,290
186,CR425,International Business with Language,Cork Institute of Technology,279,,279
187,CR430,Sport and Exercise Management,Cork Institute of Technology,402,,402
188,CR440,Montessori Education,Cork Institute of Technology,409,408,408
189,CR500,Engineering (Common Entry),Cork Institute of Technology,475,,475
190,CR510,Sustainable Energy Engineering,Cork Institute of Technology,320,,320
191,CR520,Biomedical Engineering,Cork Institute of Technology,444,,444
192,CR560,Architectural Technology,Cork Institute of Technology,375,,375
193,CR565,Interior Architecture,Cork Institute of Technology,431,,431
194,CR570,Quantity Surveying,Cork Institute of Technology,375,,375
195,CR572,Construction Management,Cork Institute of Technology,300,,300
196,CR580,Electrical Engineering,Cork Institute of Technology,342,,342
197,CR590,Electronic Engineering,Cork Institute of Technology,329,,329
198,CR600,Visual Communications at CIT Crawford College of Art and Design,Cork Institute of Technology,280,,280
204,CR660,Tourism Management,Cork Institute of Technology,246,,246
205,CR700,Theatre and Drama Studies at CIT Cork School of Music,Cork Institute of Technology,609,609,609
208,CR930,Home Economics and Business,Cork Institute of Technology,518,,510
209,CK101,Arts - 3 years,University College Cork (NUI),300,,300
210,CK102,Social Science,University College Cork (NUI),434,431,420
211,CK104,Arts with Music - 3 or 4 years (BMus or Chinese/European/Int`l Pathway),University College Cork (NUI),339,,339
212,CK105,Film and Screen Media - 3 years or 4 years (International Pathway),University College Cork (NUI),421,420,420
213,CK107,Geographical and Archaeological Sciences - 3 or 4 years (Int`l Pathway),University College Cork (NUI),312,,312
214,CK108,Arts International - 4 years,University College Cork (NUI),440,440,440
215,CK109,English - 3 years or 4 years (International Pathway),University College Cork (NUI),367,357,352
216,CK110,World Languages,University College Cork (NUI),488,,488
217,CK111,Early Years and Childhood Studies,University College Cork (NUI),409,403,378
218,CK112,Theatre and Performative Practices - 3 or 4 years (Int`l Pathway),University College Cork (NUI),371,,371
219,CK113,Criminology - 3 years or 4 years (International Pathway),University College Cork (NUI),464,463,456
220,CK114,Social Science (Youth and Community Work),University College Cork (NUI),#,,#
221,CK115,Social Work - Mature Applicants only,University College Cork (NUI),,,
222,CK118,Digital Humanities and IT - 3 or 4 years (Work Exper. or Int`l Pathway),University College Cork (NUI),347,339,339
223,CK120,Applied Psychology,University College Cork (NUI),544,543,543
224,CK121,Psychology and Computing - 3 or 4 years (Work Experience Pathway),University College Cork (NUI),499,488,478
225,CK122,Government and Political Science,University College Cork (NUI),399,,397
226,CK123,Anthropology,University College Cork (NUI),308,,308
227,CK124,Education - Gaeilge,University College Cork (NUI),473,,473
228,CK125,Sports Studies and Physical Education,University College Cork (NUI),564,555,555
229,CK201,Commerce,University College Cork (NUI),500,499,499
230,CK202,Accounting,University College Cork (NUI),553,543,532
231,CK203,Business Information Systems,University College Cork (NUI),455,452,445
232,CK204,Finance,University College Cork (NUI),566,566,566
233,CK205,Commerce (International) with French,University College Cork (NUI),465,,462
234,CK206,Commerce (International) with German,University College Cork (NUI),466,455,455
235,CK207,Commerce (International) with Italian,University College Cork (NUI),423,418,418
236,CK208,Commerce (International) with Hispanic Studies,University College Cork (NUI),488,486,477
237,CK209,Commerce (International) with Irish,University College Cork (NUI),507,,507
238,CK211,Commerce (International) with Chinese Studies,University College Cork (NUI),385,,385
239,CK212,Economics (through Transformational Learning) 3 or 4 years Int`l Pathway,University College Cork (NUI),445,444,431
240,CK213,Food Marketing and Entrepreneurship,University College Cork (NUI),466,,466
241,CK214,International Development,University College Cork (NUI),332,,332
242,CK301,Law (Pathways) -  3 or 4 years,University College Cork (NUI),533,532,532
243,CK302,Law and French,University College Cork (NUI),545,,545
244,CK304,Law and Irish,University College Cork (NUI),588,,588
245,CK307,Law and Business,University College Cork (NUI),589,589,589
246,CK401,Computer Science,University College Cork (NUI),503,495,488
247,CK402,Biological and Chemical Sciences,University College Cork (NUI),555,555,554
248,CK404,"Biological, Earth and Environmental Sciences",University College Cork (NUI),500,495,487
249,CK405,Genetics,University College Cork (NUI),543,,533
250,CK406,Chemical Sciences,University College Cork (NUI),532,,532
251,CK407,Mathematical Sciences,University College Cork (NUI),566,,566
252,CK408,Physics and Astrophysics,University College Cork (NUI),566,,555
253,CK409,Industrial Physics - Offered jointly by UCC and CIT,University College Cork (NUI),465,,465
254,CK411,Data Science and Analytics,University College Cork (NUI),531,,531
255,CK412,Agricultural Science,University College Cork (NUI),506,,506
256,CK504,Nutritional Sciences,University College Cork (NUI),555,554,544
257,CK505,Food Science,University College Cork (NUI),463,,463
258,CK600,Engineering,University College Cork (NUI),510,509,499
259,CK606,Architecture - Offered jointly by UCC and CIT,University College Cork (NUI),543,,543
260,CK701,Medicine (Undergraduate Entry - HPAT required),University College Cork (NUI),738,737,737
261,CK702,Dentistry,University College Cork (NUI),625,625,625
262,CK703,Pharmacy,University College Cork (NUI),613,613,613
263,CK704,Occupational Therapy,University College Cork (NUI),601,,590
264,CK705,Speech and Language Therapy,University College Cork (NUI),568,566,566
265,CK706,Public Health Sciences,University College Cork (NUI),500,,500
266,CK707,Medical and Health Sciences,University College Cork (NUI),578,,578
267,CK710,General Nursing,University College Cork (NUI),498,497,495
268,CK712,Children`s and General Nursing (Integrated),University College Cork (NUI),565,,565
269,CK720,Mental Health Nursing,University College Cork (NUI),455,452,452
270,CK730,Intellectual Disability Nursing,University College Cork (NUI),431,,429
271,CK740,Midwifery,University College Cork (NUI),509,,509
272,CK791,Medicine  - Graduate Entry (GAMSAT required),University College Cork (NUI),60,60,60
273,AC120,International Business,American College,294,294,294
274,AC137,Liberal Arts,American College,271,270,270
275,CT125,Computing and IT,CCT College Dublin,242,242,242
276,CT325,Business,CCT College Dublin,253,253,253
277,CM001,Education - Primary Teaching,Marino Institute of Education,508,,508
278,CM002,Education - Primary Teaching - Gaeltacht Applicants,Marino Institute of Education,462,,462
279,CM003,Oideachas - Bunmhúinteoireacht Trí Mheán na Gaeilge,Marino Institute of Education,513,,513
280,CM004,Oideachas - Bunmhúinteoireacht Trí Mheán na Gaeilge (daltaí Gaeltachta),Marino Institute of Education,480,,480
281,CM010,Education Studies,Marino Institute of Education,382,327,327
282,CM020,Early Childhood Education,Marino Institute of Education,317,,317
286,DB500,Computing,Dublin Business School,234,234,204
287,DB501,Computing (Cloud Computing),Dublin Business School,,178,178
288,DB502,Computing (Data Analytics and Big Data),Dublin Business School,267,233,233
289,DB503,Computing (Software Development),Dublin Business School,,,
290,DB504,Computing (Web and Mobile Technology),Dublin Business School,,,
291,DB510,Audio Production and Music Project Management,Dublin Business School,217,217,217
292,DB512,Business Studies,Dublin Business School,243,210,210
293,DB514,Business Studies (Law),Dublin Business School,239,225,225
294,DB515,Business Studies (Human Resource Management),Dublin Business School,242,217,217
295,DB517,Marketing (Event Management),Dublin Business School,233,225,225
296,DB518,Marketing (Digital Media),Dublin Business School,307,209,209
297,DB521,Accounting and Finance,Dublin Business School,243,228,228
298,DB524,Business (Information Systems),Dublin Business School,247,239,239
299,DB525,Marketing (Digital Media and Cloud Computing),Dublin Business School,288,288,288
300,DB526,Business (Cloud Computing),Dublin Business School,244,244,244
301,DB527,Applied Social Care,Dublin Business School,254,219,219
303,DB531,Marketing,Dublin Business School,288,176,176
305,DB562,Psychology,Dublin Business School,244,233,233
307,DB566,Social Science,Dublin Business School,262,228,228
308,DB567,Film and Creative Media,Dublin Business School,245,213,213
309,DB568,Law,Dublin Business School,254,228,228
310,DB569,Business (Psychology),Dublin Business School,240,240,240
316,DC001,Education - Early Childhood Education,Dublin City University,445,,445
317,DC002,Education - Primary Teaching,Dublin City University,518,,518
318,DC003,Education - Primary Teaching - Gaeltacht Applicants,Dublin City University,489,,496
319,DC004,Education - Primary Teaching (Church of Ireland Centre formerly CICE),Dublin City University,451,,451
320,DC009,Arts (Joint Honours) - Humanities,Dublin City University,356,,356
321,DC010,Post Primary Teacher Education - Religious Education and English,Dublin City University,384,,384
322,DC011,Post Primary Teacher Education - Religious Education and History,Dublin City University,409,,409
323,DC012,Post Primary Teacher Education - Religious Education and Music,Dublin City University,409,,409
324,DC013,Post Primary Teacher Ed - Gaeilge with French/German/Spanish,Dublin City University,413,,413
325,DC014,BA in Jazz and Contemporary Music Performance (audition),Dublin City University,311,,311
326,DC110,Business Studies International,Dublin City University,498,,498
327,DC111,Business Studies,Dublin City University,511,,511
328,DC112,Global Business (France),Dublin City University,542,,542
329,DC113,Global Business (Germany),Dublin City University,484,,484
330,DC114,Global Business (Spain),Dublin City University,544,,544
331,DC115,Accounting and Finance,Dublin City University,544,,544
332,DC116,Global Business (USA),Dublin City University,613,,613
333,DC117,Aviation Management / Aviation Management with Pilot Studies,Dublin City University,484,,484
334,DC118,Gnó agus Gaeilge / Business and Irish,Dublin City University,368,,368
335,DC119,Global Business (Canada),Dublin City University,601,,601
336,DC120,Computing for Business,Dublin City University,403,402,402
337,DC121,Computer Science,Dublin City University,475,,476
338,DC123,Data Science,Dublin City University,501,,501
339,DC126,Actuarial Mathematics,Dublin City University,577,,577
340,DC127,Common Entry into Actuarial and Financial Mathematics,Dublin City University,541,,541
341,DC131,Communication Studies,Dublin City University,421,,421
342,DC132,Journalism,Dublin City University,452,,452
343,DC133,Multimedia,Dublin City University,435,,435
344,DC155,Applied Language and Translation Studies,Dublin City University,427,,431
345,DC161,Analytical Science,Dublin City University,498,,498
346,DC162,Chemical and Pharmaceutical Sciences,Dublin City University,531,,532
347,DC163,Chemical Sciences General Entry (Undenominated Entry),Dublin City University,466,,466
348,DC166,Environmental Science and Technology,Dublin City University,423,,423
349,DC168,Genetics and Cell Biology,Dublin City University,543,,543
350,DC175,Physics General Entry (options),Dublin City University,400,,400
351,DC180,Biological Sciences General Entry (Undenominated Entry),Dublin City University,530,,530
352,DC181,Biotechnology,Dublin City University,530,,530
353,DC190,Electronic and Computer Engineering (with choice of four majors),Dublin City University,488,,488
354,DC193,Mechatronic Engineering,Dublin City University,490,,490
355,DC194,Sustainable Systems and Energy,Dublin City University,476,,488
356,DC195,Mechanical and Manufacturing Engineering,Dublin City University,500,,500
357,DC197,Biomedical Engineering,Dublin City University,510,,510
358,DC200,Common Entry into Engineering (Undenominated Entry),Dublin City University,511,510,510
359,DC202,Sport Science and Health,Dublin City University,511,,511
360,DC203,Science Education,Dublin City University,462,,462
361,DC204,Athletic Therapy and Training,Dublin City University,558,,558
362,DC205,Physical Education with Biology,Dublin City University,565,,565
363,DC206,Physical Education with Mathematics,Dublin City University,521,,521
364,DC207,Psychology and Mathematics,Dublin City University,521,,521
365,DC208,Psychology,Dublin City University,565,,565
366,DC209,Health and Society,Dublin City University,477,,477
367,DC210,Psychology and Disruptive Technologies,Dublin City University,506,,506
368,DC215,General Nursing,Dublin City University,456,,456
369,DC216,Mental Health Nursing,Dublin City University,420,,420
370,DC217,Intellectual Disability Nursing,Dublin City University,382,,382
371,DC218,Children`s and General Nursing (Integrated),Dublin City University,521,,521
372,DC230,"Economics, Politics and Law",Dublin City University,431,,431
373,DC231,International Relations,Dublin City University,398,,399
374,DC232,Law and Society (BCL),Dublin City University,469,,469
375,DC235,Education and Training - Daytime and Flexible Delivery Mode (full-time),Dublin City University,302,,302
376,DC238,Social Sciences and Cultural Innovation,Dublin City University,387,,387
377,DC240,"Marketing, Innovation and Technology",Dublin City University,499,,499
378,DC241,Digital Business and Innovation,Dublin City University,509,,509
379,DC291,Arts (Joint Honours) - Media Studies,Dublin City University,350,,350
380,DC292,Arts (Joint Honours) - Law,Dublin City University,400,,400
381,DC293,Arts (Joint Honours) - International Languages,Dublin City University,379,,379
382,DC294,Climate and Environmental Sustainability,Dublin City University,475,,475
383,DC295,Arts (Joint Honours) - Politics,Dublin City University,349,,349
385,DL822,Arts Management,"Dun Laoghaire Institute of Art, Design and Technology",254,,254
386,DL823,Business Management,"Dun Laoghaire Institute of Art, Design and Technology",220,,220
387,DL825,Applied Psychology,"Dun Laoghaire Institute of Art, Design and Technology",418,413,413
388,DL826,Graphic Design,"Dun Laoghaire Institute of Art, Design and Technology",591,,591
389,DL827,Art,"Dun Laoghaire Institute of Art, Design and Technology",574,,574
390,DL832,Animation,"Dun Laoghaire Institute of Art, Design and Technology",989,,989
391,DL833,Photography and Visual Media,"Dun Laoghaire Institute of Art, Design and Technology",671,671,665
392,DL836,Creative Computing,"Dun Laoghaire Institute of Art, Design and Technology",235,,235
393,DL837,New Media Studies,"Dun Laoghaire Institute of Art, Design and Technology",298,293,293
394,DL838,Creative Music Production,"Dun Laoghaire Institute of Art, Design and Technology",713,,713
395,DL839,Interaction and User Experience Design,"Dun Laoghaire Institute of Art, Design and Technology",757,,757
396,DL840,Digital Marketing,"Dun Laoghaire Institute of Art, Design and Technology",210,,210
397,DL841,English and Equality Studies,"Dun Laoghaire Institute of Art, Design and Technology",277,277,277
398,DL843,Film,"Dun Laoghaire Institute of Art, Design and Technology",987,874,874
399,DL844,Television,"Dun Laoghaire Institute of Art, Design and Technology",566,,566
400,DL845,Design for Film (degree options),"Dun Laoghaire Institute of Art, Design and Technology",628,,630
401,GC200,Business,Griffith College,269,242,242
402,GC201,Accounting and Finance,Griffith College,260,226,226
403,GC230,Computing Science,Griffith College,300,289,289
404,GC250,Communications and Media Production,Griffith College,,,
405,GC300,Business,Griffith College,264,264,264
406,GC301,Accounting and Finance,Griffith College,,251,251
407,GC302,Business - HRM,Griffith College,377,377,329
408,GC307,Business (Marketing),Griffith College,289,270,270
410,GC400,Business,Griffith College,250,228,228
411,GC401,Accounting and Finance,Griffith College,242,242,242
412,GC402,Business (HRM),Griffith College,,,
413,GC403,Law,Griffith College,245,242,242
414,GC407,Business (Marketing),Griffith College,264,264,176
417,GC430,Computing Science,Griffith College,251,251,251
419,GC450,Communications and Media Production,Griffith College,225,225,225
421,GC462,Design Communication (portfolio),Griffith College,300,,300
426,GC489,Interior Architecture (portfolio),Griffith College,288,274,274
428,GC494,Fashion Design (portfolio),Griffith College,351,,309
430,BY001,Business,IBAT College Dublin,210,210,210
432,ID001,Accounting and Finance,ICD Business School,,,
433,ID002,Business Studies,ICD Business School,,,273
434,AD101,"First Year Art and Design (Common Entry,portfolio)",National College of Art and Design,554,,554
435,AD102,Graphic Design and Moving Image Design (portfolio),National College of Art and Design,538,,538
436,AD103,Textile and Surface Design and Jewellery and Objects (portfolio),National College of Art and Design,505,,505
437,AD202,"Education and Design or Fine Art (Second Level Teaching,portfolio))",National College of Art and Design,591,,591
438,AD204,Fine Art (portfolio),National College of Art and Design,514,,514
439,AD211,Fashion Design (portfolio),National College of Art and Design,760,679,679
440,AD212,Product Design (portfolio),National College of Art and Design,413,,413
441,AD215,Visual Culture,National College of Art and Design,337,300,300
442,AD217,Illustration (portfolio),National College of Art and Design,738,,738
443,AD222,Interaction Design (portfolio),National College of Art and Design,444,,444
444,NC003,Computing (Degree Award options),National College of Ireland (NCI),271,,271
445,NC005,Human Resource Management,National College of Ireland (NCI),301,,301
446,NC009,Business,National College of Ireland (NCI),300,,300
447,NC010,Psychology,National College of Ireland (NCI),420,,420
448,NC020,Marketing Practice,National College of Ireland (NCI),270,,270
449,NC022,Accounting and Finance,National College of Ireland (NCI),330,,330
450,NC023,Technology Management (with specialisations),National College of Ireland (NCI),266,,266
451,NC030,Early Childhood Education and Care,National College of Ireland (NCI),251,251,251
455,RC001,Medicine - Undergraduate Entry (HPAT required),RCSI University of Medicine & Health Sciences,741,740,740
456,RC004,Physiotherapy,RCSI University of Medicine & Health Sciences,589,589,589
457,RC005,Pharmacy,RCSI University of Medicine & Health Sciences,613,613,602
458,RC101,Medicine - Graduate Entry (GAMSAT required),RCSI University of Medicine & Health Sciences,,,62
460,NM801,Montessori Education,St Nicholas Montessori College Ireland,262,,262
461,NM802,Psychology,St Nicholas Montessori College Ireland,228,,228
528,TU801,Sustainable Energy Engineering,Technological University Dublin,235,,235
529,TU802,Electrical Services and Energy Management,Technological University Dublin,309,,290
530,TU804,Engineering (Common Entry with Award options),Technological University Dublin,270,,270
531,TU805,Engineering (General Entry),Technological University Dublin,466,465,465
532,TU807,Computer Engineering in Mobile Systems,Technological University Dublin,274,,274
533,TU810,Mechatronic Engineering,Technological University Dublin,271,,271
534,TU811,Product Design,Technological University Dublin,440,434,434
535,TU812,"Design,Technology and Innovation",Technological University Dublin,278,,278
536,TU814,Sustainable Transport Management,Technological University Dublin,253,253,253
537,TU828,Mechanical Engineering (General Entry),Technological University Dublin,300,,300
538,TU829,Electronic Engineering (General Entry),Technological University Dublin,248,248,243
539,TU831,Architectural Technology,Technological University Dublin,423,,423
540,TU832,Architecture (Suitability Test and Interview),Technological University Dublin,644,638,638
541,TU833,Construction Management,Technological University Dublin,396,,396
542,TU834,Geographic Science,Technological University Dublin,315,,315
543,TU835,Planning and Environmental Management,Technological University Dublin,330,,330
544,TU836,Property Economics (Valuation Surveying),Technological University Dublin,411,,411
545,TU837,Quantity Surveying and Construction Economics,Technological University Dublin,413,,413
546,TU838,Sustainable Timber Technology,Technological University Dublin,307,271,271
547,TU851,"Analytical Chemistry (Environmental, Forensic and Pharmaceutical)",Technological University Dublin,400,,400
548,TU852,Chemical Sciences with Medicinal Chemistry,Technological University Dublin,477,,477
549,TU854,Science (General Entry),Technological University Dublin,510,,510
550,TU855,Science with Nanotechnology,Technological University Dublin,322,,322
551,TU856,Computer Science,Technological University Dublin,499,,499
552,TU857,Computer Science (Infrastructure),Technological University Dublin,403,,403
553,TU858,Computer Science (International),Technological University Dublin,395,,395
554,TU859,Computing,Technological University Dublin,251,,251
555,TU860,Computing (Information Technology),Technological University Dublin,270,,270
556,TU861,Computing with Language (French/German/Spanish),Technological University Dublin,235,235,235
557,TU862,Computing with Artificial Intelligence Machine Learning,Technological University Dublin,262,,262
558,TU863,Digital Forensics and Cyber Security,Technological University Dublin,282,,282
559,TU864,DNA and Forensic Analysis,Technological University Dublin,500,441,441
560,TU865,Cloud Computing,Technological University Dublin,235,,235
561,TU866,Biomedical and Molecular Diagnostics,Technological University Dublin,522,,522
562,TU867,Biomedical Science,Technological University Dublin,576,566,565
563,TU868,Clinical Measurement Science,Technological University Dublin,542,,542
564,TU869,Environmental Health,Technological University Dublin,387,,387
565,TU870,Human Nutrition and Dietetics,Technological University Dublin,601,,600
566,TU871,Optometry,Technological University Dublin,532,,532
567,TU872,Public Health Nutrition,Technological University Dublin,487,,487
568,TU874,Mathematical Sciences,Technological University Dublin,294,294,294
569,TU875,Pharmaceutical Healthcare,Technological University Dublin,451,,451
570,TU876,Pharmaceutical Science,Technological University Dublin,445,,445
571,TU877,Physics Technology,Technological University Dublin,314,314,314
572,TU878,Physics with Energy and Environment,Technological University Dublin,339,,339
573,TU879,Physics with Medical Physics and Bioengineering,Technological University Dublin,346,,346
574,TU880,Physics with Data Science,Technological University Dublin,412,,412
575,TU881,Food Innovation,Technological University Dublin,309,,309
576,TU882,Nutraceuticals in Health and Nutrition,Technological University Dublin,380,,380
577,TU902,Business (options),Technological University Dublin,270,,270
578,TU903,Business and Management,Technological University Dublin,477,,477
579,TU904,Business and Law,Technological University Dublin,462,,462
580,TU905,Economics and Finance,Technological University Dublin,460,,460
581,TU906,Human Resource Management,Technological University Dublin,386,377,377
582,TU907,Logistics and Supply Chain Management,Technological University Dublin,300,,300
583,TU910,Accounting,Technological University Dublin,420,,420
584,TU912,Business Analytics,Technological University Dublin,331,311,311
585,TU914,Business Computing,Technological University Dublin,322,,322
586,TU917,Law (LLB ) with a Language,Technological University Dublin,356,,356
587,TU918,Law (LLB),Technological University Dublin,463,,463
588,TU919,Advertising and Marketing Communications,Technological University Dublin,219,,219
589,TU920,Digital Marketing,Technological University Dublin,270,,270
590,TU921,Digital Marketing Technologies,Technological University Dublin,230,,230
591,TU922,Marketing,Technological University Dublin,412,,412
592,TU924,E-Commerce in Retailing,Technological University Dublin,307,,307
593,TU925,Retail and Services Management,Technological University Dublin,307,,307
594,TU932,Business (options),Technological University Dublin,211,,211
595,TU933,Accounting and Finance (campus options),Technological University Dublin,251,,251
596,TU935,Sports Management and Coaching,Technological University Dublin,300,,300
597,TU936,Sports Science and Health,Technological University Dublin,484,,484
598,TU941,Botanical Cuisine,Technological University Dublin,311,,311
599,TU942,Culinary Arts,Technological University Dublin,252,,252
600,TU943,Culinary Entrepreneurship,Technological University Dublin,261,,261
601,TU944,Culinary Science,Technological University Dublin,336,,336
602,TU951,International Hospitality and Tourism Management,Technological University Dublin,244,,244
603,TU952,International Hospitality Management,Technological University Dublin,309,,309
604,TU953,Tourism and Digital Marketing,Technological University Dublin,308,,308
605,TU954,Event Management,Technological University Dublin,326,,326
606,TU955,Sports and Leisure Management,Technological University Dublin,275,,275
607,TU961,Commercial Modern Music (BIMM - assessment/audition),Technological University Dublin,536,536,536
608,TU962,"Drama (Performance, audition)",Technological University Dublin,448,,448
609,TU963,Music (audition),Technological University Dublin,364,,364
610,TU965,International Business and Languages,Technological University Dublin,357,,357
611,TU967,Languages and International Tourism,Technological University Dublin,298,,298
612,TU973,Design - Visual Communication (portfolio),Technological University Dublin,700,,700
613,TU974,Fine Art (portfolio),Technological University Dublin,549,,549
614,TU975,Interior Design (portfolio),Technological University Dublin,544,,544
615,TU976,Photography (portfolio),Technological University Dublin,700,,700
616,TU978,Creative Industries and Visual Culture,Technological University Dublin,299,,299
617,TU981,Creative Digital Media,Technological University Dublin,280,,280
618,TU982,Media Production and Digital Arts,Technological University Dublin,369,,369
619,TU983,Film and Broadcasting,Technological University Dublin,462,453,453
620,TU984,Game Design,Technological University Dublin,414,,414
621,TU985,Journalism,Technological University Dublin,367,,367
622,TU989,Early Childhood Care and Education (campus options),Technological University Dublin,270,,270
623,TU991,Applied Social Studies in Social Care,Technological University Dublin,326,,326
624,TU992,Community Development and Youth Work,Technological University Dublin,251,,251
625,TU995,Early Childhood Education,Technological University Dublin,378,,378
626,TU996,Social Care,Technological University Dublin,407,,407
627,TU997,Applied Social Care,Technological University Dublin,320,,320
628,TR002,Music,Trinity College Dublin,508,477,477
629,TR003,History,Trinity College Dublin,552,543,531
630,TR004,Law,Trinity College Dublin,590,589,589
631,TR005,Philosophy,Trinity College Dublin,510,497,456
632,TR006,Psychology,Trinity College Dublin,601,590,578
633,TR007,Clinical Speech and Language Studies,Trinity College Dublin,564,,555
634,TR009,Music Education,Trinity College Dublin,496,486,486
635,TR015,"Philosophy, Political Science, Economics and Sociology",Trinity College Dublin,613,613,613
636,TR016,Deaf Studies,Trinity College Dublin,389,,389
637,TR018,Law and French,Trinity College Dublin,602,602,600
638,TR019,Law and German,Trinity College Dublin,577,567,567
639,TR021,"Classics, Ancient History and Archaeology",Trinity College Dublin,467,462,419
640,TR022,Early and Modern Irish,Trinity College Dublin,377,,377
641,TR023,English Studies,Trinity College Dublin,546,541,533
642,TR024,European Studies,Trinity College Dublin,566,,566
643,TR025,Drama and Theatre Studies,Trinity College Dublin,543,519,509
644,TR028,Ancient and Medieval History and Culture,Trinity College Dublin,498,463,382
645,TR031,Mathematics,Trinity College Dublin,579,578,577
646,TR032,Engineering,Trinity College Dublin,556,555,554
647,TR033,Computer Science,Trinity College Dublin,566,549,543
648,TR034,Management Science and Information Systems Studies,Trinity College Dublin,625,625,625
649,TR035,Theoretical Physics,Trinity College Dublin,590,589,589
650,TR038,Engineering with Management,Trinity College Dublin,589,589,589
651,TR039,"Computer Science, Linguistics and a Language",Trinity College Dublin,443,,443
652,TR040,Middle Eastern and European Languages and Cultures,Trinity College Dublin,520,499,397
653,TR041,Religion,Trinity College Dublin,417,,417
654,TR042,Film,Trinity College Dublin,531,522,518
655,TR043,History of Art and Architecture,Trinity College Dublin,498,486,467
656,TR051,Medicine (HPAT required),Trinity College Dublin,743,743,743
657,TR052,Dental Science,Trinity College Dublin,625,625,625
658,TR053,Physiotherapy,Trinity College Dublin,590,,590
659,TR054,Occupational Therapy,Trinity College Dublin,578,577,577
660,TR055,Radiation Therapy,Trinity College Dublin,577,566,566
661,TR056,Human Health and Disease,Trinity College Dublin,601,,601
662,TR060,Biological and Biomedical Sciences,Trinity College Dublin,578,577,577
663,TR061,Chemical Sciences,Trinity College Dublin,558,554,542
664,TR062,Geography and Geoscience,Trinity College Dublin,495,,490
665,TR063,Physical Sciences,Trinity College Dublin,554,543,521
666,TR064,Environmental Science and Engineering,Trinity College Dublin,555,,555
667,TR072,Pharmacy,Trinity College Dublin,613,613,613
668,TR080,Global Business,Trinity College Dublin,613,,613
669,TR081,"Business, Economic and Social Studies (BESS)",Trinity College Dublin,577,567,566
670,TR084,Social Studies (Social Work),Trinity College Dublin,497,487,484
671,TR085,Business Studies and French,Trinity College Dublin,564,,564
672,TR086,Business Studies and German,Trinity College Dublin,530,,530
673,TR087,Business Studies and Russian,Trinity College Dublin,487,,487
674,TR089,Business Studies and Polish,Trinity College Dublin,391,,391
675,TR090,Business Studies and Spanish,Trinity College Dublin,566,,566
676,TR091,General Nursing (Meath and St James`s),Trinity College Dublin,462,456,454
677,TR093,General Nursing (Adelaide School of Nursing),Trinity College Dublin,473,,473
678,TR095,Mental Health Nursing,Trinity College Dublin,442,,432
679,TR097,Intellectual Disability Nursing,Trinity College Dublin,412,410,401
680,TR111,Ancient History and Archaeology/Geography,Trinity College Dublin,496,,509
681,TR112,Ancient History and Archaeology/History,Trinity College Dublin,577,,577
682,TR113,Ancient History and Archaeology/History of Art and Architecture,Trinity College Dublin,528,,528
683,TR114,Ancient History and Archaeology/Modern Language,Trinity College Dublin,507,,507
684,TR117,Ancient History and Archaeology/Religion,Trinity College Dublin,494,,494
685,TR166,Classical Civilisation/English Literature,Trinity College Dublin,552,,552
686,TR173,Classical Civilisation/History of Art and Architecture,Trinity College Dublin,420,,420
687,TR177,Classical Civilisation/Modern Language,Trinity College Dublin,484,,484
688,TR179,Classical Civilisation/Philosophy,Trinity College Dublin,508,,521
689,TR188,Computer Science/Business Studies,Trinity College Dublin,584,,584
690,TR198,Economics/Geography,Trinity College Dublin,968,956,954
691,TR202,Economics/History,Trinity College Dublin,601,,601
692,TR207,Economics/Mathematics,Trinity College Dublin,613,,613
693,TR208,Economics/Modern Language,Trinity College Dublin,589,,589
694,TR209,Economics/Philosophy,Trinity College Dublin,588,,589
695,TR212,Economics/Sociology,Trinity College Dublin,589,,589
696,TR214,Social Policy/Economics,Trinity College Dublin,611,,611
697,TR228,Classical Languages/English Literature,Trinity College Dublin,555,,555
698,TR230,Classical Languages/Linguistics,Trinity College Dublin,501,,501
699,TR231,Classical Languages/History of Art and Architecture,Trinity College Dublin,613,,613
700,TR233,"Classical Languages/Middle Eastern,Jewish and Islamic Civilisations",Trinity College Dublin,583,,583
701,TR239,Classical Languages/Modern Language,Trinity College Dublin,543,,543
702,TR240,Computer Science/Geography,Trinity College Dublin,482,,482
703,TR241,Computer Science/Linguistics,Trinity College Dublin,495,,495
704,TR262,English Literature/History,Trinity College Dublin,576,,576
705,TR263,English Literature/History of Art and Architecture,Trinity College Dublin,571,,571
706,TR269,English Literature/Philosophy,Trinity College Dublin,555,,555
707,TR272,English Literature/Sociology,Trinity College Dublin,553,,553
708,TR276,English Literature/Drama Studies,Trinity College Dublin,555,,555
709,TR277,English Literature/Modern Language,Trinity College Dublin,554,,554
710,TR311,Film/Drama Studies,Trinity College Dublin,578,,578
711,TR312,Film/English Literature,Trinity College Dublin,576,,576
712,TR320,Film/Music,Trinity College Dublin,584,,584
713,TR322,Geography/History,Trinity College Dublin,578,,613
714,TR323,Drama Studies/Modern Language,Trinity College Dublin,495,,495
715,TR324,Film/Modern Language,Trinity College Dublin,577,,577
716,TR325,Film/History,Trinity College Dublin,578,,613
717,TR326,Geography/Modern Language,Trinity College Dublin,451,,451
718,TR328,Political Science/Geography,Trinity College Dublin,564,,564
719,TR332,Geography/Sociology,Trinity College Dublin,522,,522
720,TR443,History/History of Art and Architecture,Trinity College Dublin,581,,581
721,TR447,History/Modern Language,Trinity College Dublin,576,,576
722,TR449,History/Philosophy,Trinity College Dublin,579,,579
723,TR454,History/Religion,Trinity College Dublin,,,
724,TR455,History of Art and Architecture/Modern Language,Trinity College Dublin,451,,451
725,TR457,History/Political Science,Trinity College Dublin,576,,576
726,TR479,History of Art and Architecture/Philosophy,Trinity College Dublin,509,,519
727,TR482,Sociology/History of Art and Architecture,Trinity College Dublin,522,,522
728,TR547,"Middle Eastern,Jewish and Islamic Civ./Ancient History and Archaeology",Trinity College Dublin,543,,543
729,TR548,"Middle Eastern,Jewish and Islamic Civilisations/Classical Civilisation",Trinity College Dublin,544,,544
730,TR554,"Middle Eastern,Jewish and Islamic Civilisations/History",Trinity College Dublin,576,,576
731,TR563,"Middle Eastern,Jewish and Islamic Civilisations/Modern Language",Trinity College Dublin,590,,590
732,TR564,"Middle Eastern,Jewish and Islamic Civilisations/Music",Trinity College Dublin,,,
733,TR565,"Middle Eastern,Jewish and Islamic Civilisations/Religion",Trinity College Dublin,999,949,949
734,TR580,Business Studies/Law,Trinity College Dublin,625,,625
735,TR581,History/Law,Trinity College Dublin,625,,625
736,TR582,Political Science/Law,Trinity College Dublin,625,,625
737,TR587,"Middle Eastern,Jewish and Islamic Civilisations/Linguistics",Trinity College Dublin,,,
738,TR588,Linguistics/Modern Language,Trinity College Dublin,456,,456
739,TR589,Linguistics/Philosophy,Trinity College Dublin,520,,520
740,TR592,"Sociology/Middle Eastern,Jewish and Islamic Civilisations",Trinity College Dublin,531,,531
741,TR597,Mathematics/Modern Language,Trinity College Dublin,613,,613
742,TR598,Mathematics/Music,Trinity College Dublin,625,,625
743,TR599,Mathematics/Philosophy,Trinity College Dublin,625,,625
744,TR629,Music/Philosophy,Trinity College Dublin,533,,533
745,TR635,Music/Drama Studies,Trinity College Dublin,532,,532
746,TR636,Music/Modern Language,Trinity College Dublin,530,,530
747,TR638,Music/Religion,Trinity College Dublin,,,
748,TR639,Philosophy/Modern Language,Trinity College Dublin,520,,520
749,TR662,Philosophy/Sociology,Trinity College Dublin,531,,531
750,TR663,Religion/Classical Civilisation,Trinity College Dublin,418,,418
751,TR664,Religion/English Literature,Trinity College Dublin,968,,966
752,TR665,Religion/History of Art and Architecture,Trinity College Dublin,369,,369
753,TR666,Religion/Modern Language,Trinity College Dublin,,,
754,TR667,French/Modern Language,Trinity College Dublin,466,,466
755,TR668,German/Modern Language,Trinity College Dublin,441,,441
756,TR669,Irish/Modern Language,Trinity College Dublin,464,,464
757,TR670,Italian/Modern Language,Trinity College Dublin,462,,462
758,TR671,Russian/Modern Language,Trinity College Dublin,501,,501
759,TR672,Spanish/Modern Language,Trinity College Dublin,486,,486
760,TR756,Sociology/Modern Language,Trinity College Dublin,522,,522
761,TR757,Modern Language/Social Policy,Trinity College Dublin,555,,555
762,TR758,Social Policy/Political Science,Trinity College Dublin,566,,566
763,TR759,Sociology/Social Policy,Trinity College Dublin,554,,554
767,TR911,Children`s and General Nursing (Integrated),Trinity College Dublin,531,,529
768,TR913,Midwifery,Trinity College Dublin,521,,520
769,DN100,Architecture,University College Dublin (NUI),555,,553
770,DN120,Landscape Architecture,University College Dublin (NUI),463,435,430
771,DN130,City Planning and Environmental Policy,University College Dublin (NUI),445,424,420
772,DN150,Engineering (Common Entry),University College Dublin (NUI),565,,556
773,DN200,Science (options),University College Dublin (NUI),577,567,566
774,DN201,Computer Science (Common Entry),University College Dublin (NUI),554,549,542
775,DN230,Actuarial and Financial Studies,University College Dublin (NUI),613,613,613
776,DN240,Sustainability,University College Dublin (NUI),510,,506
777,DN250,Agricultural Science (options),University College Dublin (NUI),454,444,440
778,DN261,Food Science,University College Dublin (NUI),531,,522
779,DN262,Human Nutrition,University College Dublin (NUI),566,,566
780,DN300,Veterinary Medicine - Undergraduate Entry,University College Dublin (NUI),601,,601
781,DN301,Veterinary Medicine - Graduate Entry (GAMSAT required),University College Dublin (NUI),#,,#
782,DN310,Veterinary Nursing,University College Dublin (NUI),521,509,486
783,DN400,Medicine - Undergraduate Entry (HPAT required),University College Dublin (NUI),743,,743
784,DN401,Medicine - Graduate Entry (GAMSAT required),University College Dublin (NUI),61,,61
785,DN410,Radiography,University College Dublin (NUI),566,566,565
786,DN411,Radiography - Graduate Entry,University College Dublin (NUI),#,,#
787,DN420,Physiotherapy,University College Dublin (NUI),601,601,601
788,DN425,Health and Performance Science,University College Dublin (NUI),544,543,541
789,DN430,Sport and Exercise Management,University College Dublin (NUI),484,476,473
790,DN440,"Biomedical, Health and Life Sciences",University College Dublin (NUI),613,613,613
791,DN450,General Nursing,University College Dublin (NUI),462,,462
792,DN451,Children`s and General Nursing (Integrated),University College Dublin (NUI),533,,532
793,DN452,Midwifery,University College Dublin (NUI),510,509,507
794,DN453,Mental Health Nursing,University College Dublin (NUI),442,,441
795,DN520,Joint Honours (options),University College Dublin (NUI),381,378,356
796,DN530,Humanities (options),University College Dublin (NUI),397,388,359
797,DN541,Modern Languages (options),University College Dublin (NUI),320,,320
798,DN600,Law (options),University College Dublin (NUI),576,567,566
799,DN610,Business and Law,University College Dublin (NUI),573,567,566
800,DN650,Commerce,University College Dublin (NUI),555,,554
801,DN660,Commerce International (options),University College Dublin (NUI),555,554,554
802,DN670,Economics and Finance,University College Dublin (NUI),625,625,625
803,DN700,Social Sciences (options),University College Dublin (NUI),475,474,463
804,DN710,Economics,University College Dublin (NUI),534,532,522
805,DN720,Psychology,University College Dublin (NUI),566,564,555
806,DN750,Social Policy and Sociology,University College Dublin (NUI),421,,408
830,DK810,Accounting and Finance,Dundalk Institute of Technology,307,307,307
831,DK816,Business Studies,Dundalk Institute of Technology,301,301,301
832,DK820,Computing in Games Development,Dundalk Institute of Technology,309,309,309
833,DK821,Computing in Software Development,Dundalk Institute of Technology,320,316,307
834,DK822,Augmented and Virtual Reality,Dundalk Institute of Technology,320,320,307
835,DK830,Building Surveying,Dundalk Institute of Technology,305,,305
836,DK831,Architectural Technology,Dundalk Institute of Technology,368,314,314
837,DK832,Construction Management,Dundalk Institute of Technology,358,305,305
838,DK843,Engineering (Common Entry),Dundalk Institute of Technology,404,391,391
839,DK844,Mechanical Engineering,Dundalk Institute of Technology,336,336,336
840,DK845,Electrical and Electronic Engineering,Dundalk Institute of Technology,331,331,331
841,DK846,Civil Engineering,Dundalk Institute of Technology,371,371,371
842,DK850,International Tourism Management,Dundalk Institute of Technology,303,303,303
843,DK861,Arts,Dundalk Institute of Technology,302,302,300
844,DK862,Social Care,Dundalk Institute of Technology,322,319,301
845,DK863,Creative Media,Dundalk Institute of Technology,336,320,309
846,DK864,Film and Television Production,Dundalk Institute of Technology,308,,308
847,DK865,Audio and Music Production,Dundalk Institute of Technology,352,,308
848,DK870,General Nursing,Dundalk Institute of Technology,440,440,433
849,DK872,Intellectual Disability Nursing,Dundalk Institute of Technology,367,366,347
850,DK874,Mental Health Nursing,Dundalk Institute of Technology,398,,391
851,DK876,Early Childhood Studies,Dundalk Institute of Technology,300,300,300
852,DK877,Midwifery,Dundalk Institute of Technology,482,477,470
853,DK880,Health and Physical Activity,Dundalk Institute of Technology,301,301,300
854,DK882,Agriculture (Award options),Dundalk Institute of Technology,342,,342
855,DK883,Science (Award options),Dundalk Institute of Technology,373,368,302
856,DK884,Sustainable Agriculture,Dundalk Institute of Technology,348,,348
857,DK885,Agri-Food Production,Dundalk Institute of Technology,,,
858,DK886,Biopharmaceutical Science,Dundalk Institute of Technology,379,,347
859,DK887,Environmental Science,Dundalk Institute of Technology,377,,377
867,GA181,Accounting,Galway-Mayo Institute of Technology,303,,303
868,GA182,Business,Galway-Mayo Institute of Technology,285,,285
869,GA183,Business Information Systems,Galway-Mayo Institute of Technology,298,,298
870,GA184,Marketing and Sales,Galway-Mayo Institute of Technology,300,,300
871,GA185,Finance and Economics,Galway-Mayo Institute of Technology,318,,318
872,GA186,Business with Entrepreneurship,Galway-Mayo Institute of Technology,287,,287
873,GA187,Rural Enterprise and Agri-Business,Galway-Mayo Institute of Technology,291,,291
877,GA281,Film and Documentary,Galway-Mayo Institute of Technology,310,301,301
878,GA282,Heritage Studies,Galway-Mayo Institute of Technology,252,,252
879,GA283,Contemporary Art (portfolio),Galway-Mayo Institute of Technology,790,,790
880,GA284,Design,Galway-Mayo Institute of Technology,331,,331
881,GA285,"Education (Art, Design and Graphics)",Galway-Mayo Institute of Technology,406,,406
890,GA380,International Hotel Management,Galway-Mayo Institute of Technology,218,,218
891,GA381,International Tourism Management,Galway-Mayo Institute of Technology,252,,252
892,GA382,Culinary and Gastronomic Science,Galway-Mayo Institute of Technology,235,,235
893,GA384,Event Management with Public Relations,Galway-Mayo Institute of Technology,230,,230
898,GA480,Construction Management,Galway-Mayo Institute of Technology,302,,302
899,GA482,Quantity Surveying and Construction Economics,Galway-Mayo Institute of Technology,304,,304
900,GA483,Architectural Technology,Galway-Mayo Institute of Technology,281,273,273
901,GA484,Civil Engineering,Galway-Mayo Institute of Technology,377,,377
903,GA580,Software and Electronic Engineering,Galway-Mayo Institute of Technology,300,,300
910,GA680,Mechanical Engineering,Galway-Mayo Institute of Technology,400,,400
911,GA681,Energy Engineering,Galway-Mayo Institute of Technology,312,,312
912,GA682,Biomedical Engineering,Galway-Mayo Institute of Technology,331,,331
913,GA683,Agricultural Engineering,Galway-Mayo Institute of Technology,304,,304
914,GA684,Engineering Common Entry to Manu/Agri/Biomed/Energy/Mech Eng,Galway-Mayo Institute of Technology,413,,413
915,GA685,Manufacturing Engineering Design,Galway-Mayo Institute of Technology,336,,336
924,GA780,Applied Freshwater and Marine Biology,Galway-Mayo Institute of Technology,366,,366
925,GA781,Applied Biology and Biopharmaceutical Science,Galway-Mayo Institute of Technology,381,,381
926,GA782,Chemical and Pharmaceutical Science,Galway-Mayo Institute of Technology,356,,356
927,GA783,Physics and Instrumentation,Galway-Mayo Institute of Technology,301,,301
928,GA784,Science (Undenominated),Galway-Mayo Institute of Technology,445,,445
929,GA785,Medical Science,Galway-Mayo Institute of Technology,517,510,510
930,GA786,Forensic Science and Analysis,Galway-Mayo Institute of Technology,408,408,408
931,GA787,Computing in Software Development,Galway-Mayo Institute of Technology,310,,310
932,GA788,Computing and Digital Media,Galway-Mayo Institute of Technology,270,,270
933,GA789,Agriculture and Environmental Management,Galway-Mayo Institute of Technology,340,,340
934,GA790,Sport and Exercise Science,Galway-Mayo Institute of Technology,376,366,366
935,GA791,Public Health Nutrition,Galway-Mayo Institute of Technology,368,,368
943,GA880,General Nursing,Galway-Mayo Institute of Technology,440,,440
944,GA882,Psychiatric Nursing,Galway-Mayo Institute of Technology,369,,369
945,GA885,Outdoor Education,Galway-Mayo Institute of Technology,269,,269
946,GA887,History and Geography,Galway-Mayo Institute of Technology,201,,201
947,GA889,Applied Social Care,Galway-Mayo Institute of Technology,265,,265
948,GA890,Early Childhood Education and Care,Galway-Mayo Institute of Technology,281,227,227
949,GA891,Geography and Outdoor Education,Galway-Mayo Institute of Technology,261,,261
950,GA892,Community Development and Youth Work (Level 8),Galway-Mayo Institute of Technology,,,
955,GA980,Education (Design Graphics and Construction),Galway-Mayo Institute of Technology,410,,410
956,GA981,Furniture Design and Manufacture,Galway-Mayo Institute of Technology,346,,346
957,GA982,Furniture Making and Architectural Woodworking,Galway-Mayo Institute of Technology,360,,360
958,GA983,Furniture and Digital Manufacturing,Galway-Mayo Institute of Technology,,,
959,GA984,"Furniture Design, Making and Technology - Common Entry",Galway-Mayo Institute of Technology,486,467,467
960,GY101,Arts (Joint-Honours),"National University of Ireland, Galway",327,326,326
961,GY104,BSc (Psychology),"National University of Ireland, Galway",564,555,545
962,GY105,Arts (History),"National University of Ireland, Galway",357,,357
963,GY109,Arts (Mathematics and Education),"National University of Ireland, Galway",413,,413
964,GY110,Arts (Children and Youth Studies - options),"National University of Ireland, Galway",387,,387
965,GY111,Arts (English and Creative Writing),"National University of Ireland, Galway",421,420,420
966,GY113,Arts with Human Rights,"National University of Ireland, Galway",413,,413
967,GY115,Arts with Performing Arts Studies,"National University of Ireland, Galway",300,,300
968,GY118,"Arts (Drama, Theatre and Performance Studies)","National University of Ireland, Galway",453,430,430
969,GY119,Arts (Journalism),"National University of Ireland, Galway",484,473,473
970,GY122,Na Dána (Cumarsáid agus Gaeilge),"National University of Ireland, Galway",410,,410
971,GY123,Applied Social Sciences,"National University of Ireland, Galway",419,,419
972,GY125,Arts (Digital Arts and Technology),"National University of Ireland, Galway",403,,403
973,GY127,Arts (Film and Digital Media),"National University of Ireland, Galway",430,421,421
974,GY128,Arts (Global Languages),"National University of Ireland, Galway",346,,346
975,GY129,Arts (Global Experience),"National University of Ireland, Galway",465,,465
976,GY130,Arts (Music),"National University of Ireland, Galway",462,,462
977,GY132,"Government (Politics, Economics and Law)","National University of Ireland, Galway",465,451,451
978,GY133,Education (Computer Science and Mathematical Studies),"National University of Ireland, Galway",454,,454
979,GY134,Geography and Geosystems,"National University of Ireland, Galway",425,,425
980,GY135,Arts (Global Media),"National University of Ireland, Galway",442,,442
981,GY136,Na Dána (Léann Teanga - options),"National University of Ireland, Galway",526,,526
982,GY201,Commerce,"National University of Ireland, Galway",476,,476
983,GY202,Commerce (International) with French,"National University of Ireland, Galway",520,,520
984,GY203,Commerce (International) with German,"National University of Ireland, Galway",518,,518
985,GY204,Commerce (International) with Spanish,"National University of Ireland, Galway",506,,506
986,GY206,Business Information Systems (Work Placement and Optional Int`l Study),"National University of Ireland, Galway",509,,509
987,GY207,Commerce (Accounting) including optional Global Experience year,"National University of Ireland, Galway",543,,543
988,GY208,Commerce (Gaeilge),"National University of Ireland, Galway",508,,508
989,GY209,Commerce (Global Experience),"National University of Ireland, Galway",551,,551
990,GY250,Law and Business,"National University of Ireland, Galway",510,,510
991,GY251,Law (BCL),"National University of Ireland, Galway",542,,542
992,GY252,Law (BCL) and Human Rights,"National University of Ireland, Galway",565,,565
993,GY253,Law and Taxation,"National University of Ireland, Galway",506,,506
994,GY254,"Law (BCL), Criminology and Criminal Justice","National University of Ireland, Galway",548,,548
995,GY261,Business Studies in International Hotel Management (interview),"National University of Ireland, Galway",503,,503
996,GY262,Commerce in International Hotel Management (interview),"National University of Ireland, Galway",709,,709
997,GY301,Science,"National University of Ireland, Galway",489,488,488
998,GY303,Biomedical Science,"National University of Ireland, Galway",613,,613
999,GY304,Biotechnology,"National University of Ireland, Galway",498,495,495
1000,GY308,Environmental Science,"National University of Ireland, Galway",431,430,430
1001,GY309,Financial Mathematics and Economics,"National University of Ireland, Galway",509,,509
1002,GY310,Marine Science,"National University of Ireland, Galway",467,,467
1003,GY313,Environmental Health and Safety,"National University of Ireland, Galway",412,,412
1004,GY314,Earth and Ocean Sciences,"National University of Ireland, Galway",422,,422
1005,GY318,Biopharmaceutical Chemistry,"National University of Ireland, Galway",555,,555
1006,GY319,Mathematical Science,"National University of Ireland, Galway",543,,543
1007,GY320,"Physics (Degree options: Applied,Astrophysics,Biomedical,Theoretical)","National University of Ireland, Galway",465,,465
1008,GY321,Genetics and Genomics,"National University of Ireland, Galway",532,,532
1009,GY322,Agricultural Sciences,"National University of Ireland, Galway",485,,485
1010,GY350,Computer Science and Information Technology,"National University of Ireland, Galway",495,,495
1011,GY401,Engineering (Undenominated),"National University of Ireland, Galway",522,520,520
1012,GY402,Civil Engineering,"National University of Ireland, Galway",533,521,521
1013,GY405,Mechanical Engineering,"National University of Ireland, Galway",541,,541
1014,GY406,Electronic and Computer Engineering,"National University of Ireland, Galway",555,,555
1015,GY408,Biomedical Engineering,"National University of Ireland, Galway",554,,554
1016,GY410,Project and Construction Management,"National University of Ireland, Galway",431,,431
1017,GY413,Energy Systems Engineering,"National University of Ireland, Galway",509,,509
1018,GY414,Electrical and Electronic Engineering,"National University of Ireland, Galway",433,,433
1019,GY501,"Medicine (five year/six year course, HPAT required)","National University of Ireland, Galway",737,737,737
1020,GY502,Occupational Therapy,"National University of Ireland, Galway",601,,601
1021,GY503,Speech and Language Therapy,"National University of Ireland, Galway",578,,578
1022,GY504,Podiatric Medicine,"National University of Ireland, Galway",531,526,510
1023,GY515,General Nursing (Galway and Portiuncula),"National University of Ireland, Galway",502,496,476
1024,GY516,Mental Health Nursing,"National University of Ireland, Galway",475,441,412
1025,GY517,Midwifery,"National University of Ireland, Galway",520,509,507
1028,LY108,Business - Accounting,Letterkenny Institute of Technology,312,,312
1029,LY118,Business,Letterkenny Institute of Technology,288,,288
1030,LY128,Marketing with Online Technologies,Letterkenny Institute of Technology,261,261,261
1033,LY208,Law,Letterkenny Institute of Technology,300,290,290
1034,LY228,Sports and Exercise - Common Entry,Letterkenny Institute of Technology,290,,290
1037,LY408,Design - Common Entry,Letterkenny Institute of Technology,301,,301
1043,LY508,Fire Safety Engineering,Letterkenny Institute of Technology,283,,283
1044,LY518,Quantity Surveying,Letterkenny Institute of Technology,304,,304
1046,LY528,Construction Management,Letterkenny Institute of Technology,262,,262
1047,LY538,Architectural Technology,Letterkenny Institute of Technology,234,234,234
1050,LY608,Mechanical Engineering,Letterkenny Institute of Technology,300,,300
1052,LY618,Electronic Engineering,Letterkenny Institute of Technology,321,,321
1054,LY708,Applied Computing,Letterkenny Institute of Technology,320,,320
1057,LY748,Computer Science,Letterkenny Institute of Technology,316,,316
1061,LY818,Science - Common Entry,Letterkenny Institute of Technology,302,,302
1063,LY828,Agriculture - Common Entry,Letterkenny Institute of Technology,308,300,300
1071,LY908,General Nursing,Letterkenny Institute of Technology,429,,429
1073,LY918,Psychiatric Nursing,Letterkenny Institute of Technology,367,,361
1074,LY928,Intellectual Disability Nursing,Letterkenny Institute of Technology,357,,342
1075,LY968,"Early Childhood Care, Health and Education",Letterkenny Institute of Technology,288,,288
1076,LY978,Health and Social Care - Common Entry,Letterkenny Institute of Technology,279,,279
1077,MI001,Contemporary and Applied Theatre Studies,Mary Immaculate College,209,,209
1078,MI002,Arts,Mary Immaculate College,280,,280
1079,MI004,Education - Primary Teaching - International,Mary Immaculate College,589,,589
1080,MI005,Education - Primary Teaching,Mary Immaculate College,522,,522
1081,MI006,Education - Primary Teaching - Gaeltacht Applicants,Mary Immaculate College,485,,485
1082,MI007,Early Childhood Care and Education,Mary Immaculate College,409,,409
1083,MI008,Education and Psychology - Primary Teaching,Mary Immaculate College,590,,590
1084,MI009,"Education, Business Studies and Accounting",Mary Immaculate College,434,,434
1085,MI010,"Education, Business Studies and Religious Studies",Mary Immaculate College,370,,370
1086,MI011,"Education, Gaeilge and Religious Studies",Mary Immaculate College,407,,407
1087,MI012,"Education, Gaeilge and Business Studies",Mary Immaculate College,387,,387
1088,MI013,"Education, Mathematics and Gaeilge",Mary Immaculate College,509,,509
1089,MI014,"Education, Mathematics and Business Studies",Mary Immaculate College,476,,476
1090,CI110,Counselling and Psychotherapy,Irish College of Humanities & Applied Sciences,292,,292
1091,CI111,Counselling and Psychotherapy with Addiction Studies,Irish College of Humanities & Applied Sciences,290,,290
1092,CI112,Counselling and Psychotherapy with Youth Studies,Irish College of Humanities & Applied Sciences,325,,325
1093,LC110,"Art and Design (Common Entry, portfolio)",Limerick Institute of Technology,794,,794
1094,LC114,Fashion and Textiles for Product and Costume (portfolio),Limerick Institute of Technology,914,,914
1095,LC115,"Art and Design Teacher Education (LIT and UL, portfolio)",Limerick Institute of Technology,993,,993
1096,LC220,Digital Marketing,Limerick Institute of Technology,263,,263
1099,LC223,Law and Taxation,Limerick Institute of Technology,331,,331
1100,LC224,Accounting and Finance,Limerick Institute of Technology,300,,300
1101,LC225,Marketing and Management,Limerick Institute of Technology,298,,298
1102,LC226,Enterprise and Innovation,Limerick Institute of Technology,255,,255
1105,LC233,Software Development,Limerick Institute of Technology,280,,280
1106,LC234,Immersive Digital Media and Spatial Computing,Limerick Institute of Technology,226,,226
1108,LC236,Internet Systems Development,Limerick Institute of Technology,260,,260
1109,LC239,Computer Networks and Systems Management,Limerick Institute of Technology,317,,317
1110,LC241,Construction Management,Limerick Institute of Technology,326,,326
1111,LC242,Property Valuation and Management,Limerick Institute of Technology,308,,308
1112,LC243,Quantity Surveying,Limerick Institute of Technology,278,,278
1113,LC248,Built Environment (Common Entry),Limerick Institute of Technology,300,,300
1115,LC252,Civil Engineering Management,Limerick Institute of Technology,264,,264
1117,LC263,Medical Technology,Limerick Institute of Technology,391,,391
1118,LC265,Forensic and Pharmaceutical Sciences,Limerick Institute of Technology,498,,498
1119,LC266,Drug and Medicinal Product Analysis,Limerick Institute of Technology,252,,252
1124,LC275,Electrical Engineering,Limerick Institute of Technology,361,347,347
1134,LC288,Mechanical Engineering,Limerick Institute of Technology,378,369,369
1135,LC289,Precision Engineering,Limerick Institute of Technology,261,,261
1137,LC292,Social Care Work,Limerick Institute of Technology,374,,374
1138,LC293,Business Studies with Travel and Tourism Management,Limerick Institute of Technology,271,264,264
1139,LC294,Business Studies with Event Management,Limerick Institute of Technology,279,,279
1140,LC295,Business Studies with Sports Management,Limerick Institute of Technology,262,,262
1141,LC297,Community and Addiction Studies,Limerick Institute of Technology,272,262,262
1142,LC320,Business,Limerick Institute of Technology,381,,381
1144,LC330,Business with Computing,Limerick Institute of Technology,328,308,308
1146,LC340,Interior Design,Limerick Institute of Technology,391,368,368
1147,LC362,Biotechnology and Biopharmaceutical Sciences,Limerick Institute of Technology,429,,429
1148,LC371,Creative Broadcast and Film Production,Limerick Institute of Technology,325,310,310
1149,LC372,Music Technology and Production,Limerick Institute of Technology,377,,377
1150,LC374,Renewable and Electrical Energy Engineering,Limerick Institute of Technology,337,319,319
1151,LC375,Industrial Automation and Robotic Systems,Limerick Institute of Technology,309,,309
1152,LC376,Electronic Engineering with Computer Systems,Limerick Institute of Technology,357,,357
1153,LC380,Automotive Engineering and Transport Management,Limerick Institute of Technology,298,,298
1154,LC392,Business Studies in Beauty and Spa Management,Limerick Institute of Technology,328,317,317
1155,LC393,Early Childhood Education and Care,Limerick Institute of Technology,309,276,276
1160,LC402,Social Care Work,Limerick Institute of Technology,228,,228
1161,LC408,Environmental Science and Climate,Limerick Institute of Technology,279,,279
1163,LC416,Business,Limerick Institute of Technology,260,,260
1164,LC418,Computing - Games Design and Development,Limerick Institute of Technology,260,256,256
1165,LC422,Applied Strength and Conditioning,Limerick Institute of Technology,289,,289
1168,LC502,Game Art and Design (portfolio),Limerick Institute of Technology,841,,841
1170,LC517,Creative Media and Design,Limerick Institute of Technology,279,,279
1171,LC518,Digital Animation Production (portfolio),Limerick Institute of Technology,807,,807
1173,LC612,Social Care Work,Limerick Institute of Technology,309,,309
1174,LM002,Arts,University of Limerick,360,360,360
1175,LM019,Social Sciences,University of Limerick,451,,451
1176,LM020,Law and Accounting,University of Limerick,474,,474
1177,LM026,Performing Arts (audition format TBC),University of Limerick,329,,329
1178,LM028,Criminal Justice,University of Limerick,420,,420
1179,LM029,Law Plus,University of Limerick,530,,530
1180,LM038,Psychology and Sociology,University of Limerick,530,,530
1181,LM039,Journalism and Digital Communication,University of Limerick,432,,432
1182,LM040,European Studies,University of Limerick,409,,409
1183,LM044,Applied Languages,University of Limerick,429,,429
1184,LM050,Business Studies (options),University of Limerick,451,,451
1185,LM056,International Business,University of Limerick,555,,555
1186,LM058,Financial Mathematics,University of Limerick,468,,468
1187,LM063,Technology Management,University of Limerick,410,,410
1188,LM066,Environmental Science,University of Limerick,430,,430
1189,LM068,Food Science and Health,University of Limerick,464,,464
1190,LM076,Product Design and Technology (portfolio required),University of Limerick,401,,401
1191,LM077,Aeronautical Engineering,University of Limerick,567,,567
1192,LM082,Construction Management and Engineering,University of Limerick,446,,446
1193,LM089,Sport and Exercise Sciences,University of Limerick,498,,498
1194,LM090,Physical Education with concurrent Teacher Education,University of Limerick,552,544,544
1195,LM091,Languages with concurrent Teacher Education,University of Limerick,506,,506
1196,LM092,Science with Teacher Ed (Biology with Physics/Chemistry/Ag Science),University of Limerick,521,,521
1197,LM093,Equine Science,University of Limerick,367,,367
1198,LM094,Materials and Architectural Technology with concurrent Teacher Education,University of Limerick,475,,475
1199,LM095,Materials and Engineering Technology with concurrent Teacher Education,University of Limerick,425,,425
1200,LM096,Science with Teacher Ed (Physical Sciences with Chemistry and Physics),University of Limerick,454,,454
1201,LM097,Mathematics and Computer Science with concurrent Teacher Education,University of Limerick,465,,465
1202,LM099,Architecture,University of Limerick,520,,520
1203,LM100,Physiotherapy,University of Limerick,613,,601
1204,LM101,Medicine  - Graduate Entry (GAMSAT required),University of Limerick,57,,57
1205,LM102,Psychology,University of Limerick,534,,534
1206,LM103,Paramedic Studies (Full B/Provisional C1 Drivers Licence),University of Limerick,429,,429
1207,LM105,Exercise and Health Fitness Management,University of Limerick,441,,441
1208,LM115,Chemical and Biochemical Engineering,University of Limerick,476,,476
1209,LM116,Engineering (Biomedical/Civil/Design and Manufacture/Mechanical),University of Limerick,498,,498
1210,LM118,Electronic and Computer Engineering,University of Limerick,445,,445
1211,LM121,Computer Science (Computer Systems/Games Dev/Mobile Comm Security),University of Limerick,402,,402
1212,LM122,Creative Media and Interaction Design (Digital Design/Music Media Tech),University of Limerick,382,,382
1213,LM123,Biological and Chemical Sc. (Biosci/Envir Sci/Ind Bio/Pharma and In,University of Limerick,498,,498
1214,LM124,Mathematics (Math Science/Maths and Physics/Economics and Maths),University of Limerick,455,,455
1215,LM125,Physics (Applied Physics or Mathematics and Physics),University of Limerick,489,,489
1216,LM150,General Nursing,University of Limerick,498,487,474
1217,LM152,Mental Health Nursing,University of Limerick,478,466,440
1218,LM154,Intellectual Disability Nursing,University of Limerick,462,443,433
1219,LM156,Midwifery,University of Limerick,521,508,498
1221,MU001,Theology and Arts,"Pontifical University, St Patrick's College",294,294,291
1222,MU002,Theology,"Pontifical University, St Patrick's College",,,411
1223,MH001,Education - Primary Teaching (Froebel),Maynooth University,564,,556
1224,MH002,Education - Primary Teaching - Gaeltacht Applicants (Froebel),Maynooth University,,,
1225,MH003,Early Childhood - Teaching and Learning (full-time),Maynooth University,381,,381
1226,MH101,Arts,Maynooth University,338,336,336
1227,MH103,Music,Maynooth University,#,,#
1228,MH106,Psychology - 3 years,Maynooth University,554,,552
1229,MH107,Social Science,Maynooth University,390,,390
1230,MH109,Media Studies,Maynooth University,324,,324
1231,MH116,Community and Youth Work (Full-Time),Maynooth University,#,,#
1232,MH201,Science,Maynooth University,401,400,397
1233,MH202,Biotechnology,Maynooth University,490,489,489
1234,MH203,Biological and Geographical Sciences,Maynooth University,451,,451
1235,MH204,Physics with Astrophysics,Maynooth University,422,,422
1236,MH206,Theoretical Physics and Mathematics,Maynooth University,521,,521
1237,MH207,Data Science,Maynooth University,444,,444
1238,MH208,Biological and Biomedical Sciences,Maynooth University,543,,533
1239,MH209,Psychology (through Science) - 4 years,Maynooth University,529,,517
1240,MH210,Pharmaceutical and Biomedical Chemistry,Maynooth University,510,,510
1241,MH212,Science|Maths and Computer Science|Mathematics (with Education),Maynooth University,452,443,434
1242,MH304,Engineering (Computer/Electronic/Communications),Maynooth University,351,351,351
1243,MH305,Product Design,Maynooth University,326,,326
1244,MH306,Robotics and Intelligent Devices,Maynooth University,362,,362
1245,MH401,Finance (options),Maynooth University,370,,370
1246,MH402,Quantitative Finance,Maynooth University,476,,476
1247,MH403,Accounting and Finance,Maynooth University,424,,424
1248,MH404,Business (options),Maynooth University,441,,441
1249,MH407,Business and Accounting,Maynooth University,423,,423
1250,MH411,Entrepreneurship,Maynooth University,378,,378
1251,MH501,LLB Law - four year Single Major Law programme,Maynooth University,507,,507
1252,MH502,Law (options),Maynooth University,465,,465
1253,MH601,Computer Science through Arts (options),Maynooth University,381,,381
1254,MH602,Computer Science through Science (options),Maynooth University,400,,400
1255,MH603,Computational Thinking,Maynooth University,520,,520
1256,MH801,Early Childhood - Teaching and Learning (part-time),Maynooth University,AQA,AQA,AQA
1257,MH802,"Community and Youth Work (part-time, in service)",Maynooth University,,,
1258,MH803,"Local Studies/Community Studies (part-time, evening) - Mature Students",Maynooth University,,,
1259,AS001,"Education, Home Economics and Biology - with concurrent Teacher Ed",St. Angela`s College,542,533,532
1260,AS002,"Education, Home Economics and Religious Ed - with concurrent Teacher Ed",St. Angela`s College,464,452,441
1261,AS003,"Education, Home Economics and Irish - with concurrent Teacher Ed",St. Angela`s College,463,457,440
1262,AS051,"Nutrition, Food and Business Management",St. Angela`s College,378,347,291
1263,AS054,Home Economics,St. Angela`s College,440,419,368
1264,AS110,General Nursing,St. Angela`s College,440,432,422
1265,AS130,Intellectual Disability Nursing,St. Angela`s College,387,358,348
1275,SG141,Business,"Institute of Technology, Sligo",262,,262
1276,SG145,Business and ICT,"Institute of Technology, Sligo",279,,279
1277,SG146,Accounting,"Institute of Technology, Sligo",304,,304
1278,SG147,Sport with Business,"Institute of Technology, Sligo",288,,288
1279,SG148,Tourism with Event Management,"Institute of Technology, Sligo",298,,298
1280,SG150,Business in Marketing,"Institute of Technology, Sligo",298,,298
1285,SG241,Performing Arts,"Institute of Technology, Sligo",341,,341
1286,SG242,Early Childhood Care and Education,"Institute of Technology, Sligo",287,,287
1287,SG243,Social Care Practice,"Institute of Technology, Sligo",309,,309
1288,SG244,Fine Art,"Institute of Technology, Sligo",501,,501
1289,SG245,Creative Design,"Institute of Technology, Sligo",332,,332
1290,SG246,Computing,"Institute of Technology, Sligo",316,,316
1291,SG247,English and Psychology,"Institute of Technology, Sligo",319,,319
1292,SG248,Sociology and Politics,"Institute of Technology, Sligo",298,,298
1293,SG249,Writing and Literature,"Institute of Technology, Sligo",308,,308
1294,SG252,Software Development,"Institute of Technology, Sligo",310,,310
1295,SG253,Computing in Computer Networks and Cyber Security,"Institute of Technology, Sligo",336,,336
1296,SG254,Writing and Literature Online,"Institute of Technology, Sligo",327,,327
1297,SG255,Law and Business,"Institute of Technology, Sligo",291,,291
1310,SG341,General Engineering,"Institute of Technology, Sligo",373,,373
1311,SG342,Civil Engineering,"Institute of Technology, Sligo",418,,418
1312,SG343,Quantity Surveying,"Institute of Technology, Sligo",300,,300
1313,SG344,Mechanical Engineering,"Institute of Technology, Sligo",412,,412
1314,SG346,Construction Project Management and Applied Technology,"Institute of Technology, Sligo",313,,313
1315,SG347,Architecture,"Institute of Technology, Sligo",403,,403
1316,SG348,Interior Architecture and Design,"Institute of Technology, Sligo",359,,359
1317,SG349,Electronics and Self Driving Technologies,"Institute of Technology, Sligo",,,
1318,SG350,Robotics and Automation,"Institute of Technology, Sligo",384,,384
1329,SG442,Occupational Safety and Health,"Institute of Technology, Sligo",307,,307
1330,SG443,Human Nutrition,"Institute of Technology, Sligo",376,,376
1331,SG444,Science Undenominated,"Institute of Technology, Sligo",358,,358
1332,SG445,Pharmaceutical Science with Drug Development,"Institute of Technology, Sligo",357,,357
1333,SG447,Health Science and Physical Activity,"Institute of Technology, Sligo",326,,326
1334,SG448,Forensic Investigation and Analysis,"Institute of Technology, Sligo",308,,308
1335,SG449,Medical Biotechnology,"Institute of Technology, Sligo",315,,315
1336,SG450,Environmental Science with Ecology (Level 8),"Institute of Technology, Sligo",310,,310
1362,TL801,"Animation, Visual Effects and Motion Design (Level 8, portfolio)","Institute of Technology, Tralee",718,,718
1363,TL802,"TV, Radio and New Media (Level 8)","Institute of Technology, Tralee",322,,322
1364,TL810,Computing with Software Development,"Institute of Technology, Tralee",308,,308
1365,TL811,Computing with Games Development,"Institute of Technology, Tralee",322,,322
1366,TL815,Computing (Degree Award options),"Institute of Technology, Tralee",307,,307
1367,TL823,Event Management (3 year programme),"Institute of Technology, Tralee",293,,293
1368,TL831,Business Studies (Major Specialism in: Acctng or Mktg or Mgmnt),"Institute of Technology, Tralee",306,,306
1369,TL842,Construction Management,"Institute of Technology, Tralee",,,
1370,TL844,Agricultural Engineering,"Institute of Technology, Tralee",301,,301
1371,TL845,Civil Engineering,"Institute of Technology, Tralee",361,,361
1372,TL847,Manufacturing Engineering,"Institute of Technology, Tralee",305,,305
1373,TL848,Agricultural Science,"Institute of Technology, Tralee",307,,307
1374,TL851,Wildlife Biology (Degree Award options),"Institute of Technology, Tralee",309,,309
1375,TL855,Pharmaceutical Science (Degree Award options),"Institute of Technology, Tralee",316,,316
1376,TL858,Veterinary Bioscience,"Institute of Technology, Tralee",317,,317
1377,TL871,Health and Leisure (Degree Award options),"Institute of Technology, Tralee",303,,303
1378,TL872,Health and Leisure with Massage,"Institute of Technology, Tralee",314,,314
1379,TL873,Coaching and Sports Performance,"Institute of Technology, Tralee",308,,308
1380,TL874,Inclusive Sport and Physical Activity,"Institute of Technology, Tralee",341,,341
1381,TL880,Early Childhood Care and Education,"Institute of Technology, Tralee",309,,309
1382,TL881,Social Care,"Institute of Technology, Tralee",301,,301
1383,TL889,Counselling with Addiction - Mature applicants only,"Institute of Technology, Tralee",,,
1384,TL890,General Nursing and Mature Applicants,"Institute of Technology, Tralee",463,,463
1385,TL891,Mental Health Nursing and Mature Applicants,"Institute of Technology, Tralee",440,419,412
1386,WD001,Applied Computing (options),Waterford Institute of Technology,270,261,261
1387,WD002,Science (options),Waterford Institute of Technology,279,,279
1389,WD005,Health Sciences (options),Waterford Institute of Technology,271,,271
1390,WD006,Exercise Sciences (options),Waterford Institute of Technology,270,,270
1391,WD007,Engineering (options),Waterford Institute of Technology,270,270,270
1397,WD025,Construction Management and Engineering,Waterford Institute of Technology,262,,262
1398,WD027,Music,Waterford Institute of Technology,321,,321
1399,WD048,Business (options),Waterford Institute of Technology,279,,279
1401,WD084,Accounting,Waterford Institute of Technology,308,,308
1402,WD091,Hospitality Management,Waterford Institute of Technology,225,,225
1406,WD116,General Nursing,Waterford Institute of Technology,446,,446
1407,WD117,Psychiatric Nursing,Waterford Institute of Technology,415,,415
1408,WD120,Intellectual Disability Nursing,Waterford Institute of Technology,390,,390
1410,WD134,International Business,Waterford Institute of Technology,267,,267
1411,WD137,Design (Visual Communications),Waterford Institute of Technology,252,,252
1412,WD140,Laws,Waterford Institute of Technology,280,,280
1413,WD144,Architecture,Waterford Institute of Technology,309,,309
1414,WD147,Pharmaceutical Science,Waterford Institute of Technology,288,,288
1415,WD150,Criminal Justice Studies,Waterford Institute of Technology,280,,280
1417,WD152,Visual Art,Waterford Institute of Technology,243,,243
1421,WD161,Computer Forensics and Security,Waterford Institute of Technology,270,,270
1422,WD162,Quantity Surveying,Waterford Institute of Technology,226,,226
1423,WD163,Psychology,Waterford Institute of Technology,456,,456
1432,WD186,Sports Coaching and Performance,Waterford Institute of Technology,261,,261
1433,WD187,Social Science,Waterford Institute of Technology,276,,276
1435,WD191,Agricultural Science,Waterford Institute of Technology,377,,377
1436,WD192,Social Care Practice,Waterford Institute of Technology,271,,271
1437,WD193,Marketing and Digital Media,Waterford Institute of Technology,279,,279
1438,WD194,Culinary Arts,Waterford Institute of Technology,237,,237
1439,WD195,Architectural and Building Information Modelling Technology,Waterford Institute of Technology,279,,279
1440,WD200,Arts (options),Waterford Institute of Technology,201,201,201
1445,WD210,Software Systems Development,Waterford Institute of Technology,260,,260
1446,WD211,Creative Computing,Waterford Institute of Technology,270,,270
1447,WD212,Recreation and Sport Management,Waterford Institute of Technology,262,,262
1448,WD230,Mechanical and Manufacturing Engineering,Waterford Institute of Technology,230,230,230
1449,WD231,Early Childhood Care and Education,Waterford Institute of Technology,266,,266
1450,WD232,Business Information Systems,Waterford Institute of Technology,261,261,261
